Wikipedia, the free encyclopedia; Main Page; https://ru.wikipedia.org/wiki/
Wikipedia, the free encyclopedia; Main Page; https://bn.wikipedia.org/wiki/
Wikipedia, the free encyclopedia; Main Page; /wiki/Wikimedia_Foundation
Wikimedia Foundation - Wikipedia; Wikimedia Foundation; /wiki/Arcadia_Fund
Arcadia Fund - Wikipedia; Arcadia Fund; /wiki/SOAS,_University_of_London
SOAS University of London - Wikipedia; SOAS University of London; /wiki/University_of_Bradford
University of Bradford - Wikipedia; University of Bradford; /wiki/Saint_James_School_of_Medicine
Saint James School of Medicine - Wikipedia; Saint James School of Medicine; /wiki/Wesleyan_Christian_Academy_(Cayman_Islands)
Wesleyan Christian Academy (Cayman Islands) - Wikipedia; Wesleyan Christian Academy (Cayman Islands); /wiki/Pulau_School
Pulau School - Wikipedia; Pulau School; /wiki/Bermuda_High_School
Bermuda High School - Wikipedia; Bermuda High School; /wiki/St._Clements_University
St. Clements University - Wikipedia; St. Clements University; /wiki/Two_Boats_School
Two Boats School - Wikipedia; Two Boats School; /wiki/Raymond_Gardiner_High_School
Raymond Gardiner High School - Wikipedia; Raymond Gardiner High School; /wiki/Providenciales_International_Airport
Providenciales International Airport - Wikipedia; Providenciales International Airport; /wiki/Wolverhampton_Airport
Wolverhampton Airport - Wikipedia; Wolverhampton Airport; /wiki/Aeronautical_Information_Publication
Aeronautical Information Publication - Wikipedia; Aeronautical Information Publication; /wiki/Wayback_Machine
Wayback Machine - Wikipedia; Wayback Machine; /wiki/Sun_Open_Storage
Sun Open Storage - Wikipedia; Sun Open Storage; /wiki/Oracle_ZFS
Oracle ZFS - Wikipedia; Oracle ZFS; /wiki/Specfs
Specfs - Wikipedia; Specfs; /wiki/High_Performance_File_System
High Performance File System - Wikipedia; High Performance File System; /wiki/Ext3
Wikipedia, the free encyclopedia; Main Page; /wiki/President_of_Zambia
President of Zambia - Wikipedia; President of Zambia; /wiki/List_of_Vice_Presidents_of_Zambia
Vice-President of Zambia - Wikipedia; Vice-President of Zambia; /wiki/Patriotic_Front_(Zambia)
Patriotic Front (Zambia) - Wikipedia; Patriotic Front (Zambia); /wiki/1991_Zambian_general_election
1991 Zambian general election - Wikipedia; 1991 Zambian general election; /wiki/United_National_Independence_Party
United National Independence Party - Wikipedia; United National Independence Party; /wiki/Pan_African_Parliament
Wikipedia, the free encyclopedia; Main Page; //en.wikipedia.org/wiki/Wikipedia:Contact_us
Wikipedia, the free encyclopedia; Main Page; //en.wikipedia.org/wiki/Wikipedia:Contact_us
Not Found; Page not found; https://en.wikipedia.org/wiki/HTTP_404
Wikipedia, the free encyclopedia; Main Page; //en.wikipedia.org/wiki/Wikipedia:Contact_us
Not Found; Page not found; https://en.wikipedia.org/wiki/HTTP_404
Wikipedia, the free encyclopedia; Main Page; https://ca.wikipedia.org/wiki/
