Wikipedia, the free encyclopedia; Main Page; /wiki/1820
1820 - Wikipedia; 1820; /wiki/November_23
November 23 - Wikipedia; November 23; /wiki/1715
1715 - Wikipedia; 1715; /wiki/Kingdom_of_Castile
Kingdom of Castile - Wikipedia; Kingdom of Castile; /wiki/History_of_Spain
History of Spain - Wikipedia; History of Spain; /wiki/Prehistoric_Europe
Prehistoric Europe - Wikipedia; Prehistoric Europe; /wiki/El_Argar
El Argar - Wikipedia; El Argar; /wiki/Abashevo_culture
Abashevo culture - Wikipedia; Abashevo culture; /wiki/Tumulus_culture
Tumulus culture - Wikipedia; Tumulus culture; /wiki/Warrior_society
Warrior - Wikipedia; Warrior; /wiki/Personal_income_in_the_United_States
